1,room1
2,room1
3,room1
4,room1
5,room1
6,room1
7,room1
8,room1
9,room1
10,room1
11,room1
12,room1
13,room1
14,room1
15,room1
16,room1
17,room1
18,room1
19,room1
20,room1
21,room1
22,room1
23,room1
24,room1
25,room1
26,room1
27,room1
28,room1
29,room1
30,room1
31,room1
32,room1
33,room1
34,room1
35,room1
36,room1
37,room1
38,room1
39,room1
40,room1
41,room1
42,room1
43,room1
44,room1
45,room1
46,room1
47,room1
48,room1
49,room1
50,room1
51,room1
52,room1
53,room1
54,room1
55,room1
56,room1
57,room1
58,room1
59,room1
60,room1
61,room1
62,room1
63,room1
64,room1
65,room1
66,room1
67,room1
68,room1
69,room1
70,room1
71,room1
72,room1
73,room1
74,room1
75,room1
76,room1
77,room1
78,room1
79,room1
80,room1
81,room1
82,room1
83,room1
84,room1
85,room1
86,room1
87,room1
88,room1
89,room1
90,room1
91,room1
92,room1
93,room1
94,room1
95,room1
96,room1
97,room1
98,room1
99,room1
100,room1
101,room2
102,room2
103,room2
104,room2
105,room2
106,room2
107,room2
108,room2
109,room2
110,room2
111,room2
112,room2
113,room2
114,room2
115,room2
116,room2
117,room2
118,room2
119,room2
120,room2
121,room2
122,room2
123,room2
124,room2
125,room2
126,room2
127,room2
128,room2
129,room2
130,room2
131,room2
132,room2
133,room2
134,room2
135,room2
136,room2
137,room2
138,room2
139,room2
140,room2
141,room2
142,room2
143,room2
144,room2
145,room2
146,room2
147,room2
148,room2
149,room2
150,room2
151,room2
152,room2
153,room2
154,room2
155,room2
156,room2
157,room2
158,room2
159,room2
160,room2
161,room2
162,room2
163,room2
164,room2
165,room2
166,room2
167,room2
168,room2
169,room2
170,room2
171,room2
172,room2
173,room2
174,room2
175,room2
176,room2
177,room2
178,room2
179,room2
180,room2
181,room2
182,room2
183,room2
184,room2
185,room2
186,room2
187,room2
188,room2
189,room2
190,room2
191,room2
192,room2
193,room2
194,room2
195,room2
196,room2
197,room2
198,room2
199,room2
200,room2
